WindowTag,D_eff,F_W,chi_N,Ri_g,Ri_b,UShearMean,VShearMean,ShearMagMean,Deff_x_ShearMag,HeatFluxTruth,MomUFluxTruth,MomVFluxTruth,DeltaU_Dt,DeltaV_Dt,InertialMagDt,HasLag,SampleWeight,MomUFluxTruth_Pred,MomUFluxTruth_RegimePred,HeatFluxTruth_Pred,HeatFluxTruth_RegimePred,MomVFluxTruth_Pred,MomVFluxTruth_RegimePred
OTHER,3.6589166763602368,0.23927700820638,0.029801349332371066,0.14419654303559218,-1904.6418683109728,0.07865420447455514,0.013946920447051528,0.07988116468530934,0.2922785255941568,0.09475517272949219,-0.12057136930525303,0.03949779085814953,NaN,NaN,NaN,false,0.007575757575757576,NaN,NaN,NaN,NaN,NaN,NaN
OTHER,3.6588865385253952,0.2449713482896741,0.02979914911410434,0.18656766095944655,-2405.641816004299,0.06916597882906596,0.01686610322859552,0.07119268266823804,0.26048594825632637,0.09345141239464283,-0.11314565688371658,0.03972168843029067,2.2127482330880137,4.962328418192141,5.433319250056216,true,0.007575757575757576,-0.09542361979109278,-0.10115752305350231,0.08123583065348826,0.08626942007333077,0.0037610403584350735,0.006647092768993434
OTHER,3.6588750550103737,0.23577680582232527,0.0297980439555843,0.2207117454895761,-3144.7488409421235,0.06001165111859641,0.014681323286559848,0.06178138492640496,0.22605036817121701,0.10378412529826164,-0.1783837489783764,0.04810396605171263,2.80225343962397,-7.821207738963693,8.308063242170821,true,0.007575757575757576,-0.10216606273609166,-0.10026384269122963,0.08285350166800116,0.08506945483469136,0.00013498097439721627,0.0002732210220558977
OTHER,3.658800114026456,0.2359200046454678,0.02979970113061275,0.17812486341865255,-2180.4772259137426,0.0738028042846256,0.010632788555489646,0.07456480478577344,0.2728177162525483,0.1157178245484829,-0.1806155126541853,0.0517301382496953,-4.355825344290658,0.8233386877985679,4.432956239891242,true,0.007575757575757576,-0.07066180242209812,-0.07930246891127507,0.06115739779584646,0.06615318913296062,0.0036839058578019604,0.005302884130084165
OTHER,3.6587653347968936,0.24454560838368494,0.029799609668710828,0.20467648802094424,-4736.694310838258,0.053897182477845085,0.042923657099405925,0.06890099141403926,0.2520925589188252,0.12152943387627602,-0.1582369189709425,0.047073522582650185,7.6897463176291705,-3.0383755924697575,8.26824798070349,true,0.007575757575757576,-0.11369459253036351,-0.10146271445826825,0.10175399390482547,0.09570693512910226,-0.008881596363419996,-0.009308778728878829
OTHER,3.6586039430651285,0.25721114326706673,0.029801482784607355,0.22674732645816392,-2276.2360602372296,0.0748836570315891,0.02036806051878052,0.07760425233014857,0.28392322357370275,0.11916186474263668,-0.19377767108380795,0.04386613052338362,-7.033175067962859,5.651227083582188,9.022301207941753,true,0.007575757575757576,-0.08198079323560785,-0.10351121929837762,0.07058846331295407,0.08779906453122147,0.00015269224620525595,0.0015039863746006694
OTHER,3.6586748480646873,0.24802338947933084,0.029797036373125224,0.3998593437801277,-4294.958054652426,0.05537594358126322,0.015528687255250083,0.05751204443754902,0.21041787044443921,0.12885919585824013,-0.24785273149609566,0.027026841416954994,5.944085868249534,5.868499083788121,8.352929923418838,true,0.007575757575757576,-0.11130186763164997,-0.11044330423321663,0.08205769558846393,0.08498762981292761,0.005721348655663868,0.007896018958088138
OTHER,3.6587278842500948,0.24391214659750546,0.02979582260777574,0.25613379938976455,-3326.9072734123515,0.0596716950337092,0.02885706524054209,0.06628304008185576,0.24251160700035235,0.13891050405800343,-0.1594630517065525,-0.011745644733309746,-2.2295039924579143,3.0321467415737535,3.7635889673052914,true,0.007575757575757576,-0.07699994180563056,-0.08655574407653745,0.07574666531967701,0.08203447958869396,0.0006138714732881399,0.0017107298496453246
OTHER,3.6587156542619494,0.29544138324535063,0.029795361194589195,0.8705628662689405,-5757.762013444489,0.05369927452670203,0.0349892955687311,0.06409261181361027,0.23449664216499025,0.1309255063533783,-0.15547804534435272,-0.04697422729805112,1.7821050097356848,0.5373737847598864,1.8613620954215733,true,0.007575757575757576,-0.05899638874537975,-0.0636702101544779,0.05920028873993712,0.04783816167867801,-0.008861403331723045,-0.012258943213036132
OTHER,3.6587754841320574,0.2342303786754868,0.029794109675740477,0.16973933308795897,-1997.2627827331444,0.07694919241799249,0.015552215260039602,0.0785050929129814,0.28723250932952565,0.12181531265377998,-0.17445647809654474,-0.04970298334956169,-6.510508244982505,-9.250593834732635,11.311949606640697,true,0.007575757575757576,-0.08902134921280128,-0.09712980896724632,0.07632660932836538,0.08721418475753324,-0.00589913441433101,-0.009138940770817294
OTHER,3.658988311409039,0.24838654791244758,0.029791880293616207,0.526181717846736,-5862.872930841529,0.0448288963900672,0.026885086960262723,0.052272725702915745,0.19126529235245954,0.11828477680683136,-0.12017428688704967,-0.0593087668530643,9.567924063032622,7.314991658929311,12.043847966749002,true,0.007575757575757576,-0.1324610238623605,-0.1236604871558938,0.09237482495570126,0.09291047921303364,0.0020335101195180735,0.0023352937906849875
OTHER,3.6589934267544484,0.2436729774237431,0.029797642024104082,0.23506322347093567,-2353.0248012291277,0.0702635453806983,0.009372517507937219,0.07088589347607914,0.2593710182785896,0.10590296611189842,-0.02338203601539135,-0.021954495459794998,-7.998597778600994,-4.007289411650924,8.94628050379432,true,0.007575757575757576,-0.07358647656342268,-0.08868336566132039,0.05380015793271744,0.06385946388017764,0.0017980125508082884,0.0023817780372363167
OTHER,3.659112379986467,0.24338056471805933,0.029796079697287908,0.2498193805230685,-3262.940146044545,0.061701889501677626,0.006187603684763114,0.06201136675994918,0.22690655981121133,0.09023923985660076,-0.07293557655066252,0.013056632596999407,2.7252019284863023,-4.4268085362420235,5.198399692941156,true,0.007575757575757576,-0.08408415985817269,-0.08371232957938939,0.06248863566938753,0.06002860358732742,0.005153790816720797,0.00847971033950653
OTHER,3.6592088527155107,0.2416890425095493,0.029794961245278074,0.12956716023157244,-2617.7132551060226,0.0701647506819831,0.01182172134415143,0.07115367407101066,0.26036615406387625,0.0988554023206234,-0.09012678934959695,0.05052912421524525,-1.773321763101533,2.5089869166189227,3.072407105716047,true,0.007575757575757576,-0.06881495709225108,-0.07791040442046819,0.06265086857423245,0.06905131762857102,0.005557369477005685,0.010092397302793819
OTHER,3.6591538138917357,0.2402484961579234,0.0297948183784002,0.2535628087282952,-2614.148964960349,0.06708321538236407,0.02384190882245699,0.07119406156650286,0.260510021907512,0.09372956119477749,-0.05740245617926121,0.03999440837651491,-0.09460451162425881,-4.874445691315902,4.87536365938048,true,0.007575757575757576,-0.08424358387047168,-0.08698300695734451,0.08236750456837406,0.08461124647323005,-0.003962598433560993,-0.005582344809709423
OTHER,3.6591767886456137,0.30046206522417307,0.029794442299441583,0.1966657136725362,-3576.413618618177,0.06675651239024268,0.03369317191342512,0.07477741490648258,0.2736237809407236,0.08422347530722618,-0.06466187769547105,0.03411250375211239,1.9883844614470523,0.11170174936012707,1.9915195322502355,true,0.007575757575757576,-0.061207105566882906,-0.08070704129624877,0.07690448532424475,0.08498907235148302,-0.005704263373538015,0.0011010242105115944
OTHER,3.6591948232646576,0.25026832108900965,0.029788360990077725,0.39458709804335174,-3740.1337456124534,0.057131611307462055,0.05108769767814212,0.0766418545224486,0.28044747731394687,0.07491816487163305,-0.08668971771840006,0.001982951711397618,0.9414256822924992,15.70877703078641,15.736961527507226,true,0.007575757575757576,-0.14035336587734976,-0.14282603566387128,0.09342239040178925,0.09394057059949062,-0.005937027286720791,-0.008553580310630984
OTHER,3.6591766909482506,0.25798873237798425,0.029787349267427345,0.22758119601497012,-2209.8511558071536,0.07344317568673027,0.02510501162873374,0.07761547309545169,0.2840087300077979,0.058408322744071484,-0.06520671304315329,0.0018467656336724758,-4.795824967904575,-5.113786982272868,7.010759903379972,true,0.007575757575757576,-0.07525952522825931,-0.09026675341699686,0.0765812643211998,0.08687904120079454,-0.006643691786665937,-0.007536806474397255
OTHER,3.659268909746815,0.2393575864010651,0.02978771076165358,0.2115051014292327,-2724.840082974777,0.06733088427119784,0.02634028196334839,0.07229978167774874,0.2645643432748684,0.04396374337375164,-0.04959201533347368,-0.01866564294323325,2.2314219477725112,1.2371846560126394,2.55144464609248,true,0.007575757575757576,-0.08367389607338886,-0.08514937426235872,0.0859916800098932,0.08757110725919384,-0.001434728824173705,-0.0009757398069476379
OTHER,3.6594020613840352,0.2545753435634386,0.02978872573061546,0.8663248976989883,-6205.761528530769,0.04541482196913824,0.03635895268784629,0.05817627948782533,0.21289039708140178,0.049057346768677235,-0.061322533525526524,-0.02993847819743678,6.423916377000263,2.2373335757028734,6.802379226980777,true,0.007575757575757576,-0.09988875605531189,-0.08547993250914163,0.0726610350915514,0.05521470013038524,-0.007020048093515916,-0.013659342167012046
OTHER,3.659378303335421,0.23679288300103704,0.029787305530426942,0.3121783507928653,-3614.327561675317,0.06048881908257802,0.01306748423311445,0.061884217521008936,0.2264577629152698,0.0459956768900156,-0.04591955151408911,-0.006630690593738109,-3.551681171268834,-6.2960549767255385,7.228744525316688,true,0.007575757575757576,-0.07516857843746881,-0.08111066572609768,0.06104159470402447,0.06755430997890993,0.0009760583393265677,0.000845554884439985
OTHER,3.6595158019805947,0.2549292242333033,0.02978410130523684,0.46909138217198076,-5713.654033096675,0.0461495922671424,0.041408533189031815,0.0620036409196318,0.22690330372572318,0.04134210245683789,-0.04549277573823929,0.007212108466774225,2.897976609356971,7.132043692173549,7.6983320047561365,true,0.007575757575757576,-0.09516675800877701,-0.09308228217640589,0.07123165146177735,0.06646636489945429,-0.002788056372578183,-0.00213159478287325
OTHER,3.659649028765559,0.24049163946321325,0.02978517121743692,0.4814376620356762,-6270.471658391061,0.042128952013121716,0.01597854329480065,0.04505732397233252,0.16489399191412188,0.03821093589067459,-0.030798885971307755,-0.00018615962471812963,1.6622384930184886,-7.804139604961517,7.979199946197694,true,0.007575757575757576,-0.08025643366638827,-0.07802625734477399,0.06153801129356248,0.06643296821498994,0.0015024849407300057,0.00215263895601313
OTHER,3.659765468748867,0.23455993467410924,0.029784107634082083,0.42533562491055604,-5125.986048912547,0.047428019179238216,0.03200905058119032,0.057218845867208726,0.2094075562664743,0.03244585287757218,-0.025717630051076412,0.010187980020418763,-1.4055439381854773,4.929739965336056,5.126196434784906,true,0.007575757575757576,-0.07770164242956087,-0.08010381494133477,0.0639432105873526,0.06652725846143148,0.0015119158340476371,0.0016423560818526824
OTHER,3.6599555742416663,0.2437843345824704,0.029782473640030352,0.3084133210578889,-3520.1302773850434,0.05714473889933692,0.01019551447696156,0.05804713342899305,0.21244992956219289,0.028215469792485237,-0.042900537606328726,0.022328870953060687,-3.4458286296719267,-5.891360147349964,6.82509042656946,true,0.007575757575757576,-0.07108211165278348,-0.08132110642449154,0.051434509767348625,0.05820108969090143,0.0037315783294581345,0.006013137972584586
OTHER,3.6602149831891766,0.23808695009648104,0.02978157928270538,0.28487418684565574,-3549.0883115641936,0.056365685992770725,0.00709928734641936,0.05681100631270898,0.2079404965158323,0.026387246791273355,-0.06412963662296534,0.001372636528685689,0.4450665850832646,-1.9590348260705805,2.008955379025395,true,0.007575757575757576,-0.06402530942618255,-0.06819587581482106,0.047671313106884335,0.04708581773830413,0.008213382525511178,0.012870065836512765
OTHER,3.6602982586466464,0.251243513579285,0.029788397817682773,0.49116485879405486,-4586.606649147784,0.049475153618388695,0.03152395536502203,0.058664730353245986,0.21473041035596135,0.025120195001363754,-0.06575780268758535,-0.0011928354215342551,1.9984353396411259,-6.686976209364192,6.979211605283884,true,0.007575757575757576,-0.08710346653511468,-0.08633451260106569,0.07063357613262039,0.06743502364796256,-0.0060871568894019885,-0.008358453390121392
OTHER,3.660488573153664,0.2370218753026384,0.02978679199580359,0.4479104787461371,-3457.3932449474705,0.057874771621492176,0.01599772182396717,0.060045118817410224,0.2197944713047842,0.025781212374567986,-0.09004465583711863,0.011134744447190315,-1.743403660292228,9.270172369090904,9.432685305647423,true,0.007575757575757576,-0.09786221755441105,-0.10768957230243814,0.061240479174037285,0.0709665733913986,0.006864884502897872,0.007571142834101493
OTHER,3.660585307954279,0.2431855328057969,0.029785931126963542,0.4308763025290625,-4629.848430173388,0.04969601664278242,0.004705575108528137,0.04991829832097351,0.1827301894318344,0.02412082627415657,-0.11693066917359829,-0.0019771645311266184,1.7511363013625412,-4.6313303915651085,4.951333107536222,true,0.007575757575757576,-0.07069900935738274,-0.07220296925281794,0.04193930652038732,0.04057605067342004,0.007297152992643324,0.01109039914232145
OTHER,3.660665554419588,0.24720714302546765,0.029785915462091042,0.6877034538478826,-4861.59005303779,0.049266033371289576,0.028793740766640333,0.057063311781542295,0.20888969985979733,0.01590273343026638,-0.08968037459999323,-0.0011036997893825173,0.20841577378576198,0.6176465783472749,0.6518622787880998,true,0.007575757575757576,-0.05975682818322763,-0.05994444966505748,0.051968692086910004,0.0437976775145573,-0.0016476201076759806,-0.004539712281829092
OTHER,3.6608409623475238,0.24394696284286438,0.029790255742121532,1.2407269623797772,-5953.05991034207,0.04533406462934283,0.008616905969878038,0.046145730943513645,0.16893218207548238,0.016487719025462866,-0.08412776049226522,0.00030010828049853444,1.6471357618191886,1.3683092929406826,2.1413375583993077,true,0.007575757575757576,-0.06346981706626174,-0.05407485850776936,0.027607176360017298,0.007725564682899367,0.0023488747930710025,-0.006326619876805649
OTHER,3.661034335079174,0.23702173468525137,0.02979590901595655,0.30914457852736815,-2362.3906178166208,0.07004937529563904,0.007325164611554808,0.07043133546863682,0.25785153741615907,0.013258732971735299,-0.10344536788761616,-0.0007193077472038567,-7.1948751737799315,-0.8334442865193137,7.242986824853852,true,0.007575757575757576,-0.06638153508171982,-0.07859957850946633,0.03989936814034453,0.046594678791803484,0.004147196373432606,0.004901768120438657
OTHER,3.66124675222494,0.250260231824053,0.029795422415958537,0.6985955353062604,-3844.521093339358,0.055995177560382414,0.004104900118222253,0.05614543716990131,0.20556229949055058,0.009488009818596765,-0.08040192909538746,-0.014186918269842863,3.5132446611460564,-0.11388237883597124,3.5150899341667787,true,0.007575757575757576,-0.07486212397006471,-0.0726499223552959,0.03647064031672773,0.02379386556466313,0.005798928997449121,0.005604695824376201
OTHER,3.6614827434235564,0.25517919643740417,0.02979482411138447,0.5258922546391965,-3121.8911224055655,0.061649759279357064,0.00923989497952991,0.062338338752612056,0.228250751596381,0.006348791066557169,-0.06145753525197506,-0.006569650140590966,-2.0688075225073383,-1.3661363481872646,2.4791718550801165,true,0.007575757575757576,-0.05604193121099622,-0.06584010780243996,0.03507933186660517,0.03261797761654631,0.0038026857399048363,0.005012481576807312
OTHER,3.6617096990342515,0.2556814885512981,0.02979916955331931,0.8189057477384756,-3761.8300127931716,0.0570620639456643,0.0039047570950869054,0.057195509174328654,0.20943335068484176,0.005476231570355594,-0.06391038279980421,-0.005460223066620529,1.7471430822938718,0.6274200208464955,1.8563848826593983,true,0.007575757575757576,-0.06235699019764268,-0.06270547165999459,0.025157483755611124,0.009906027125547317,0.005288259427456955,0.003960833073197598
OTHER,3.661864983302918,0.25663789242340507,0.029798788090386746,0.4362928814955585,-3115.3692289521377,0.061840032206641304,0.005080093774530623,0.062048343540149875,0.22721265648162464,0.00020935293287038803,-0.05712414812296629,0.0037579736235784367,-2.3193312808212747,0.4341315737636736,2.3596117929724327,true,0.007575757575757576,-0.05159444083911294,-0.06384113270674023,0.025912787636529457,0.02510035747526048,0.007321537106769348,0.011754143999504595
OTHER,3.6621996013776736,0.26104940818741823,0.02979758479549129,0.6691811536845348,-3338.7807149836876,0.060289969378047516,0.003702222721444236,0.06040353351158428,0.2212097963479269,-0.0022447564406320453,-0.04685881920158863,0.007138789864256978,0.8736582859038243,-0.33417556940799326,0.9353887489795699,true,0.007575757575757576,-0.05314103956653851,-0.05831281373687471,0.021926448682823705,0.010241278450648851,0.005665143741906363,0.0072191020384563655
OTHER,3.6625899247831484,0.270389248742114,0.029801821680927414,0.697018660243413,-4173.210268609839,0.0543839732805888,0.008577697144614324,0.05505627519264739,0.20164855881667873,-0.004226129938615486,-0.04672815976664424,0.006682121369522065,1.2348214789468193,-1.0347058373985392,1.6110245978305304,true,0.007575757575757576,-0.05095551037893234,-0.06075932258869908,0.024031967000821934,0.019011241011064696,0.004033672950144994,0.0066141052084981436
OTHER,3.6630151857277577,0.27974935693900005,0.029806410379809634,0.9334799743961525,-6157.341274368144,0.04675749440987905,0.02138067889544699,0.051413973912936194,0.18833016720169607,-0.0069127710739849135,-0.05722011858597398,0.004804416676051915,2.5356083675429217,-2.3944155710676185,3.487482719745684,true,0.007575757575757576,-0.052398917178415216,-0.05842570859833987,0.029820666754743774,0.025766536222098957,-0.0038230596528880815,-0.004920721770345338
OTHER,3.663497727937704,0.29822218251881893,0.029806083096414117,1.0773766208387825,-8865.51226142956,0.04144006338384416,0.028175317827198235,0.050111150335236325,0.183582085397483,-0.009843704348895699,-0.06340494891628623,0.001853317255154252,1.6994764053126505,0.7239508364060777,1.8472479166986406,true,0.007575757575757576,-0.023555885089032377,-0.030270707915923088,0.012057652689873128,0.009374360102456044,-0.006393418172760997,-0.0055293523498426405
OTHER,3.664115193084406,0.2894812001884378,0.029804246331971696,0.7604709682458126,-6956.656253054716,0.04554668068885803,0.026390309549040262,0.05263980015033263,0.19287829149176058,-0.01034433115273714,-0.05930812982842326,0.00010923657100647688,-1.2285023154514596,0.2492408426310978,1.2535305886595098,true,0.007575757575757576,-0.021849353029867003,-0.038876563531272036,0.013352483818824127,0.019417728534474963,-0.002571990770582015,0.002066225089657903
OTHER,3.6647072693889347,0.30491055285431806,0.029807872594851733,1.1395841024627031,-5527.319786680882,0.050708968771828546,0.020677512884140017,0.05476275242330374,0.2006894568974277,-0.010896080289967358,-0.04892368195578456,-0.0014384357491508126,-2.629973877561041,1.4291419778196157,2.9931938442773163,true,0.007575757575757576,-0.03142111119599541,-0.05324619852613086,0.0034559812499850777,0.002355712380911383,-0.004114465215350773,-0.005249528980358217
HOUR8,3.6653487161263514,0.3123109668712031,0.029807182846574878,1.5495095438726119,-4711.1749250401335,0.05571097499794431,0.007755985680139727,0.05624827152092861,0.2061695298035621,-0.010870366531889886,-0.04415242047980428,-0.0035797710879705846,-2.07344612035195,1.1481244971830915,2.370098874527069,true,0.16666666666666666,-0.030808991353738074,-0.04093129148821929,-0.018563591262553695,-0.010587787125439608,-0.0036638314442198412,-0.0033842103592169543
HOUR8,3.666203976499709,0.3007036240109712,0.029802936313689413,0.7475496037059893,-3516.338817568689,0.06289647420247396,0.011098725933374631,0.06386820949773553,0.23415388363251446,-0.009647772007156163,-0.026612826899508946,-0.0023545488948002458,-2.7728733257925056,-0.2753933046142494,2.786515378231017,true,0.16666666666666666,-0.02996441894533475,-0.02818115512196446,0.0003639578017728984,-0.00874211643833043,0.00039028679935263296,-0.0023109995371075488
HOUR8,3.6670576358016964,0.31787751208421267,0.029799796804745038,1.0709495956827062,-2975.2290850139966,0.06883672409587437,0.011155763144294423,0.06973482369364052,0.25572161770704954,-0.006571173755219206,-0.01924028864596039,-0.0017081035766750574,-2.8583563807537242,0.6448464148211965,2.930192501885035,true,0.16666666666666666,-0.03050043777164767,-0.020282907333498773,-0.00671949001199191,-0.007673923814002649,-0.0035023726299607456,-0.001636257975990397
HOUR8,3.667995084167822,0.3155653346975421,0.029797284398024256,0.652335137069768,-2626.8860275146967,0.0717672950691647,0.01066955172767242,0.0725560746982224,0.26613532531959305,-0.006806670542573556,-0.01622457493795082,-0.0009635152327973628,-1.507901432349814,1.194536069821184,1.923715974822287,true,0.16666666666666666,-0.025852820361162418,-0.02166265825219718,-0.0020055704619701556,-0.00811260862331975,0.00048259862076078776,-0.001720825181859013
HOUR8,3.6690821935301665,0.31581756478338513,0.02978854205600298,0.74751613913782,-2117.4486351836586,0.07951214313507078,0.010591479597820176,0.08021446469311519,0.29431346406906317,-0.007880427947384305,-0.016395567130530253,-0.0010969595168717206,-2.506935492464163,0.16392405434236476,2.512289127263933,true,0.16666666666666666,-0.02571109311743252,-0.011084119427659883,-0.0028884675852247164,-0.0066688742243439245,-0.002350945366758819,-0.0008188321289864784
HOUR8,3.6701381649392686,0.31973190766552356,0.029783446559165896,0.6746397524087524,-1973.272369492314,0.08183220227559408,0.008818702948176198,0.0823060073807612,0.3020744188919048,-0.007655460578462225,-0.015170870145084336,-0.0013299899765115697,-1.2464428008829114,-0.07850461813477741,1.2489125793830904,true,0.16666666666666666,-0.019685714822945156,-0.015654415237333984,-0.007062075753776015,-0.0076465606429302665,-0.001182275132988638,-0.0011617629921372688
HOUR9,3.670933379780315,0.3205348115549834,0.029781942327492195,0.877670742241841,-2066.994511571311,0.08127032849523756,0.008962182528598027,0.08176299290877095,0.3001464998995485,-0.008133521747367922,-0.014979800864239223,-0.0008129282523441361,0.3023112308705277,-0.10684592767907933,0.3206370729844828,true,0.16666666666666666,-0.019734489878004077,-0.01525547990304612,-0.011411139112548443,-0.008078243389427454,-0.0028648832228225997,-0.0011783349039546293
HOUR9,3.671725399857428,0.32316670787675167,0.029777428888369893,0.5066808719851986,-1940.9926743769456,0.08052041530609132,0.008005575887444947,0.08091740558344085,0.29710649337128503,-0.00842461897082103,-0.015716463982244022,-0.001410965072864201,-0.3818190086745142,-0.26817360233182813,0.4665863653953234,true,0.16666666666666666,-0.01189781591279983,-0.01631137611907583,-0.013754113790481309,-0.008633319122307874,0.0012831188648373055,-0.0013945880795731838
HOUR9,3.6724675814268846,0.32059134543651485,0.029776493223551203,0.5960982527108591,-1778.5581400006292,0.08501787384351094,0.00952286347746849,0.08554954004365917,0.31417791241631937,-0.008497675302351126,-0.017238962042029016,-0.0021922876840108074,-1.1042163065385975,-0.25654855281937994,1.133627280714195,true,0.16666666666666666,-0.014369240263045471,-0.01620039996520823,-0.011173014867334111,-0.00840611682159246,-0.0008144804759684983,-0.0015330583313225676
HOUR9,3.673029245883999,0.32632967234545346,0.029773110344344062,0.5198340242827808,-1808.7041716506633,0.08503961496882968,0.010676745139062402,0.08570722840467597,0.3148051565140346,-0.008847570381476544,-0.017630178161198273,-0.001959068245923845,-0.17935856808068287,0.35629221717938936,0.3988905112515941,true,0.16666666666666666,-0.010969127058510312,-0.01679555751592632,-0.010544378564947932,-0.008695410402130831,-0.000131431873231655,-0.0016774554455720244
HOUR9,3.6734261553343797,0.3339010636034467,0.029776831251341236,0.6932029266751372,-1881.5423946206813,0.08406339751349555,0.012569619549645318,0.08499794195823095,0.31223366313895906,-0.009054692325662472,-0.01709253402077593,-0.001464108208892867,0.4282534841784015,-0.49888351472036124,0.6574844545467834,true,0.16666666666666666,-0.012755001443316677,-0.017382628487754105,-0.012017314434044638,-0.009012917181945105,-0.0028507427894659152,-0.0017892056184586672
HOUR9,3.673948543401109,0.31938648572553924,0.029774301159663483,0.595815684781414,-1599.6886018536914,0.09004737469885084,0.015021003079083231,0.091291621870011,0.33540072119405173,-0.008303018580591015,-0.015976672948454507,-0.0015840675921481306,-2.1039304480667242,0.06666788499315077,2.1049864458451286,true,0.16666666666666666,-0.016693137361391844,-0.016689169041584212,-0.003084268027013797,-0.008435089878255406,-0.003316471509692909,-0.001850782583068665
OTHER,3.6744956567914553,0.32005573532439047,0.029779775339527755,0.4188251020637048,-1624.7236115174392,0.09026681648360359,0.014467612695362833,0.09141887100149286,0.33591824444376384,-0.00866678963029699,-0.01397218884085305,-0.001607647021955927,-0.5436248163682432,1.25498176460456,1.367664860432329,true,0.007575757575757576,-0.015268446108865573,-0.03411388349799501,-0.0016468308527052653,0.004145380140001344,-0.0006858341296690465,0.006561227116040326
OTHER,3.674947011516583,0.32811479102931246,0.02978727289745549,0.7515400633430043,-1660.9868262822229,0.0903227236535814,0.011827638579739464,0.09109383866417187,0.3347650301664722,-0.008711773551112856,-0.011962853372097015,-0.00124953972408548,-0.12627910745380158,1.7102594827967053,1.714915132441073,true,0.007575757575757576,-0.01747595021530138,-0.03261800677646979,-0.01262632796967478,-0.01698263017133718,-0.0024582667319175016,0.0001622493191048127
OTHER,3.6752849364683366,0.3356385571545062,0.029792282916564494,0.6364286802405638,-1744.4235741724929,0.08723319172859191,0.014150879387226369,0.08837350919019286,0.32479782710956195,-0.006986130760196829,-0.01112121669575572,-0.0013690774067072198,0.5341006826101723,0.9275791489809849,1.0703581721970175,true,0.007575757575757576,-0.01272173496517265,-0.033991014653270604,-0.012814310300457026,-0.011542306297403195,-0.0021503028591680837,0.003999248139002736
OTHER,3.6755581468987932,0.3333382144738696,0.02979136165031421,0.7601882709795714,-1679.1862285517823,0.08958129949039884,0.013412454827792117,0.09057981653158774,0.3329313825972753,-0.007007288386375876,-0.01076109375571832,-0.0017464524134993553,-0.29029041614878814,0.24100102134521528,0.3772930134487962,true,0.007575757575757576,-0.00905739350930372,-0.025961366134222907,-0.016249147703452264,-0.020481303528067915,-0.0033395171273977093,-0.0003705480414718011
OTHER,3.6756331309541475,0.32600343425356587,0.02980118710203269,0.6052949041046175,-1537.5488701345548,0.09310412340694002,0.01354709550117453,0.09408454491515947,0.3458202704009037,-0.00800064800932887,-0.012023037648759782,-0.0018718898063525558,-1.2270043810215252,0.10429112380467799,1.231428597016676,true,0.007575757575757576,-0.011742087025754046,-0.026519149186272545,-0.009995069494900432,-0.010691088238569861,-0.002426258686449012,0.0010809928569048921
OTHER,3.675559774639384,0.3281342090371836,0.029817378484826466,0.46777860367290497,-1460.5745051661142,0.09519112176365323,0.01485586387829648,0.09634337732399217,0.35411584224496984,-0.008370917545107659,-0.012305870681302622,-0.0013034568983130157,-1.0880733942941492,0.2685487980718425,1.120723948310476,true,0.007575757575757576,-0.01201102252528556,-0.027473252031580287,-0.004141126727237093,-0.0013154698267937247,-0.0018046411066211605,0.003409631808156838
OTHER,3.675468970706039,0.3272420584897001,0.0298378186477754,0.5215608240858941,-1281.53574119944,0.10143765144877963,0.013683789306216769,0.10235645178112143,0.3762079624730807,-0.008662093237944646,-0.013612970942631364,-0.0009358295355923474,-1.8807417271199884,1.3889139252927478,2.3380058460154425,true,0.007575757575757576,-0.01865284258957905,-0.028158031860831503,-0.00022134302173112066,-0.0009546705637951455,-0.0021760454547881903,-0.00010349638893572956
OTHER,3.6754782378048523,0.3290286429916072,0.029867183189871874,0.5970323262076102,-1374.3442611030998,0.09946487678421867,0.013504066996069418,0.1003773955586323,0.36893493294328245,-0.009490264987107366,-0.015630694309948012,-0.001283979247091338,0.7570452993196553,0.5428780282785161,0.9315761583518309,true,0.007575757575757576,-0.020466862349173227,-0.026399563094725725,-0.0011076535871973165,-0.006984944716343475,-0.0028233226192062168,-0.001367715606857558
OTHER,3.67569930705018,0.3314889698508209,0.029897223370187055,0.4955534846984503,-1347.5580051198854,0.10073828101158143,0.015505269914865491,0.10192455374590159,0.3746440115752093,-0.009720911447402614,-0.016490358699229546,-0.0013987688580527902,-0.3006303968679835,0.21444032315617642,0.36927400086700746,true,0.007575757575757576,-0.015388526067585935,-0.02337114924170328,-7.694094690131793e-5,-0.0020716949340209524,-0.0025698218606188925,-4.285457505249472e-6
OTHER,3.6760666422712953,0.3313996220849667,0.02994010988922203,0.5271739129942238,-1329.2579589766945,0.10054326852162677,0.016864684151692524,0.10194786126519916,0.3747671320479005,-0.009763375557668041,-0.016810040280688554,-0.0013861824772902764,-0.27540345252109866,0.5164416521665487,0.5852854361361263,true,0.007575757575757576,-0.018493411832964136,-0.025301218460182615,-0.0005558911923430896,-0.0027795778296511144,-0.002849740995342273,-0.0014017346829994178
OTHER,3.676433204880068,0.3299820450244475,0.02996222973521933,0.6770942699252941,-1336.2374521591344,0.10164294573995802,0.015419690600699846,0.10280591071002368,0.37795906379226646,-0.010098875260155182,-0.018394880651612766,-0.001608006059541367,-0.24057097925399334,-0.00750765131207989,0.24068809876570355,true,0.007575757575757576,-0.018555781382333214,-0.020216790880807384,-0.005593886403884294,-0.014153356493796341,-0.003717297496341092,-0.005465541970364805
OTHER,3.6766338310002755,0.32992148018591294,0.029980613840266117,0.5703561401868666,-1228.1721073306635,0.10503613352775575,0.015246558882710008,0.10613692526272125,0.3902266101392688,-0.010628477917634882,-0.019908894115360454,-0.0018505498446756974,-0.2946649298327413,0.37795163379538993,0.4792440488539622,true,0.007575757575757576,-0.020084841451148614,-0.01982424112055247,-0.0015333958605731875,-0.00853939454411609,-0.0026949252212304206,-0.003722213983738411
OTHER,3.6768016000824186,0.32305921365456286,0.030000248905909643,0.49187302761635465,-1232.042653534067,0.1050884935590956,0.01747959315155943,0.106532284567938,0.39169807435982995,-0.012213057547342032,-0.024504723347490653,-0.0022503368909383425,-0.7006906428884868,0.6653359632835262,0.9662501338007145,true,0.007575757575757576,-0.0233696971365652,-0.022315137583079365,0.0032938382230331027,-0.0003219288757394681,-0.002544407889684806,-0.003580448244687841
OTHER,3.676859839370249,0.3238394166870141,0.030030924880232568,0.48827468125202755,-1247.5806608148857,0.10574584272172716,0.017626304634743267,0.10720480338121528,0.39417703613997435,-0.013760696201643441,-0.02867958543356508,-0.0022664697135041934,-0.18298975769709755,0.5810494421846606,0.6091828179497085,true,0.007575757575757576,-0.024256049780750105,-0.021396751933117606,0.0037099232059809397,-0.00088774365826191,-0.002505186961325666,-0.0038222629581836443
OTHER,3.677062468608393,0.32508684772132446,0.030046270786050253,0.5998038125755185,-1176.5987278360303,0.10726610024770102,0.020054132739702864,0.10912462830310794,0.40125807513419937,-0.014818718933383934,-0.031206329353153706,-0.002004527414101176,-0.3697758226165532,0.747949416384631,0.8343635229693701,true,0.007575757575757576,-0.027869288851856803,-0.021961165289228445,0.006697287503396152,-0.0008987151135565679,-0.004381829660960806,-0.008872742605836939
OTHER,3.677478703567777,0.32692711424326665,0.03008721301329424,0.48037664680600595,-1226.5986332973343,0.10400499370363024,0.018779838354223307,0.10568690100434833,0.3886613276895669,-0.015769222965900553,-0.03342554875416681,-0.002123536658473313,0.8806990664807409,-0.29331450721295393,0.9282587170835653,true,0.007575757575757576,-0.028619347098419987,-0.025528078233468823,0.002419150788036078,-0.0016182251175153163,-0.0026483413258030124,-0.0037765410083336307
OTHER,3.6781311296002213,0.3248909853998678,0.030118508502910903,0.41781212117938293,-1198.3963262587451,0.10501363078753155,0.01994872950017452,0.10689160144675132,0.3931613267741161,-0.01627335885859793,-0.034349317458691075,-0.0022295332164503634,0.20134499771424325,0.05626912140489979,0.20905985298049926,true,0.007575757575757576,-0.02490774442449862,-0.020942168300439334,0.001391947644451647,-0.0011123519571604565,-0.0016926989609040907,-0.0025474574786597593
OTHER,3.678872706530687,0.32162095368746546,0.030125232298224912,0.42173498262223214,-1151.7533202377806,0.10729849735895791,0.020269261735181014,0.10919620188806739,0.4017189267828258,-0.01519008913601283,-0.03171635582111776,-0.002241897105704993,0.13092768601921428,-0.024158023814248565,0.1331377823195045,true,0.007575757575757576,-0.02537083732126643,-0.016888895052371573,0.002792124350770266,-0.0014297178978419378,-0.0016015554154712444,-0.0038762978047803495
OTHER,3.679463262121158,0.3185403901778567,0.03011140551525212,0.4825665445911642,-1243.6562208666026,0.10269289082951016,0.020100624652372463,0.10464160233070428,0.38502493146531813,-0.014542357341269962,-0.0304766847693827,-0.0018073396058753133,1.0419299355017824,0.29345688694097466,1.0824670595393822,true,0.007575757575757576,-0.029797282080979356,-0.023020280731217174,-0.001789832413646014,-0.005398487597435647,-0.001527320829025955,-0.003470225874635826
OTHER,3.679735335566411,0.31676155300379816,0.030096588902445792,0.41897610443228284,-1285.1016953753722,0.10023988948927987,0.02183173559606075,0.10258976617557594,0.37750318766376256,-0.014796809300605673,-0.031118993851123378,-0.002652036666404456,0.5996469867470571,0.9596598294289944,1.1316021813934931,true,0.007575757575757576,-0.027655946657682857,-0.02489757923031167,-0.002488591226727609,-0.0017417743913308846,-0.000927320665036223,-0.001094554341321319
OTHER,3.6798927792710026,0.3197029271705784,0.03008705349084801,0.43598224937275243,-1372.3825628476177,0.09748877816730074,0.022408860735595226,0.1000310897072529,0.36810368471632987,-0.014209765038685873,-0.030161880422383547,-0.0026979443500749767,0.9519020809389707,0.12414309156487034,0.9599630612055999,true,0.007575757575757576,-0.02519438117828547,-0.0253596833376833,-0.005721477754955047,-0.0041144046466992275,-0.0015179628513755533,-0.0007841358152309326
OTHER,3.6801524029183525,0.32830344386606075,0.030091059989784834,0.5775947201362455,-1523.0153670228199,0.09449223279953002,0.025326893147495057,0.09782757063295199,0.36002036913652313,-0.01320602747000521,-0.027357430779375136,-0.0026216859987471253,1.9821615297123607,1.2355677443807482,2.3357208696301397,true,0.007575757575757576,-0.03269340435669436,-0.03504110711925022,-0.006122305644370191,-0.005033251676594535,-0.0034370431600629268,-0.0038523591229961663
OTHER,3.680749936230707,0.33695120505298143,0.030107886838909654,0.8865961517211443,-1649.4497708156011,0.09234931535191006,0.026400928282075454,0.0960489721971132,0.3535322482895493,-0.013128930979291908,-0.02428430707368534,-0.0023659411817789078,2.073505296977494,0.5632716971044527,2.1486505582231508,true,0.007575757575757576,-0.031478142970717916,-0.03266865844463589,-0.015941486791218498,-0.02230339140661013,-0.0065946041437166866,-0.011324019082426853
OTHER,3.681602442004632,0.33547568856712484,0.030128525606055587,0.796374334482148,-1537.2722300905832,0.0948724495040046,0.026493291060129803,0.09850216315435238,0.3626458044118024,-0.012302474904572591,-0.021013102494180202,-0.003036447335034609,0.48038295066440806,0.29446992459887855,0.5634539162897995,true,0.007575757575757576,-0.020708629069573707,-0.021237137047120686,-0.019732518844153727,-0.024891037663543874,-0.005088704959600578,-0.009198588420943772
OTHER,3.6826348518552616,0.34779090992231987,0.030140997293963735,0.965500447190051,-1527.0417526432757,0.09657587144109937,0.02548804804682732,0.09988262880924356,0.3678312499478428,-0.010452169750351459,-0.0168355610803701,-0.0025243001291528344,1.2643305594276422,0.15036685841701852,1.2732407296394577,true,0.007575757575757576,-0.023111976305145224,-0.021235120694438975,-0.024494077769126904,-0.034477443487384775,-0.006238318928493108,-0.012651815384396517
OTHER,3.6837365243493347,0.3470762577446558,0.030122394744430916,0.747070430708548,-1596.7776828929032,0.09265967739952935,0.02373130971358882,0.09565035743010647,0.35235071523235195,-0.009605712431948632,-0.013719202514039353,-0.0028799266437999904,1.3045727755255734,-0.16217059937682296,1.3146137949773447,true,0.007575757575757576,-0.015106458864624644,-0.021422917820886452,-0.03321860185998891,-0.03404252456870168,-0.0032380217775659355,-0.0033524721785750554
OTHER,3.6847775692440776,0.34002727619124323,0.030108248143721067,0.6559300015207167,-1588.1126363789847,0.09179036683506435,0.027228704198367062,0.09574379236294045,0.3527945784933254,-0.009215430007316172,-0.012756559633999132,-0.002837456384440884,0.39512171078136893,-0.09877790991869877,0.40728152648837673,true,0.007575757575757576,-0.008734863601479233,-0.015292701018320752,-0.03317905571745705,-0.03101832232281664,-0.0028317848359087007,-0.002163586909644514
OTHER,3.6851822363204745,0.33982062013093534,0.030098912579571986,0.6045199395071474,-1561.4408893970317,0.0936350531048245,0.027488445488011676,0.09758656570087244,0.359624278424376,-0.00833994071581401,-0.012286736920941621,-0.0024683836036274442,0.7684026035811725,0.27068710586979783,0.8146864860021257,true,0.007575757575757576,-0.011145242869888763,-0.015562613081566347,-0.02889922066774151,-0.02609015919855765,-0.002283084116242754,-0.0014140708728977965
OTHER,3.6856538475589877,0.35232652110216756,0.0301048460524331,0.6180704326519337,-1419.041778160071,0.10068814688258702,0.02696822402584884,0.10423717201535058,0.38418213409704494,-0.007589352804643568,-0.011939061470911838,-0.0012186029489384964,0.07953081755807712,0.6410417578375766,0.6459564120224726,true,0.007575757575757576,-0.009217060858505316,-0.009177338897002622,-0.024150079663902087,-0.0243948309015295,-0.0018205073476809024,-0.002665588021754001
OTHER,3.6861422595795528,0.3567737350278424,0.03012567389581451,0.7039006426491784,-1497.3145531937682,0.09907038807868958,0.028752000629901884,0.10315822475345356,0.38025589168691065,-0.0069879031798336655,-0.010404519664007239,-0.0013194561615819111,0.7438571793253138,0.9099087615162496,1.1752691000438356,true,0.007575757575757576,-0.012731057054168465,-0.012804565084569251,-0.026219712824155094,-0.027532794627048374,-0.00293704983732324,-0.0047504582013722825
OTHER,3.6865178549842033,0.3713051074081569,0.030181623497268304,0.46109716477327284,-1527.831472531936,0.09956449071566265,0.032374220507012476,0.10469564444095056,0.38596236257064187,-0.0068310842507344205,-0.009891920912195928,-0.0008171179142664187,1.565638601396815,1.3300418234444094,2.054321173111718,true,0.007575757575757576,-0.016059336288264694,-0.02091043138632587,-0.01969287779055324,-0.012737329685976668,-0.0015480706281381152,0.0011973192049739858
OTHER,3.6867427556909966,0.3816224972137391,0.030198343912191776,0.5748819876475065,-1469.335167441208,0.10353729393747119,0.03560986320177714,0.10948987895300455,0.40366101805147364,-0.006928922040970065,-0.009361998814711114,-0.0016017624366213568,0.4200356588250991,1.0440617792705784,1.125386579633097,true,0.007575757575757576,-0.01232315136813315,-0.013037398213985765,-0.01651434874605835,-0.014905600382897014,-0.003304175271538247,-0.00421577722371658
OTHER,3.6870584034339235,0.39776629851871337,0.03024402067449164,0.4413666070173833,-1242.2421705927654,0.11343881686528523,0.03590893165932762,0.11898662338561417,0.4387106296501561,-0.00652823506607092,-0.008877473059328622,-0.0012927963398396969,-0.750846856825664,0.012131421256081982,0.7509448540250286,true,0.007575757575757576,-0.009767449939617997,-0.004850596688187538,-0.005241904191241119,-0.004218915986462663,-0.0020847299386318042,-0.0038081794361051876
OTHER,3.6871388326973173,0.3954131435640982,0.030283466316021718,0.3489392629440875,-1240.3231615210586,0.11416828201876746,0.03709945099221335,0.12004484946485817,0.4426220261271824,-0.007002397695032414,-0.006252031620533671,-0.004404210179927759,0.6776122914088195,0.5377415497641449,0.8650574500060995,true,0.007575757575757576,-0.016581296546019832,-0.008257629837762206,0.0012228305737803607,0.0029347735483356546,-0.0012236851324196525,-0.0023596141879453493
OTHER,3.6874194395372237,0.41768437236926304,0.03029855233374713,0.34647381597123794,-1374.78160217439,0.10878268016709224,0.03988384091191822,0.1158636796853228,0.4272379848079734,-0.006389563030097634,-0.007783246226608753,-0.005326628903276287,0.5863349908727067,0.5429487104692582,0.7991132733986637,true,0.007575757575757576,-0.008537239578673328,-0.013400576322418227,-0.010110446397551664,-0.003151571873328557,-0.00195368824047755,0.0011000155690718038
OTHER,3.687941858138295,0.4241593962011968,0.030259531242381937,0.44837656492009204,-1313.25736170893,0.11108395755290984,0.041684694091478985,0.1186476268077742,0.43756554927316177,-0.005616028211079538,-0.00775197462644428,-0.006008117139572278,0.3714509394930334,0.8079854288366197,0.8892785017431566,true,0.007575757575757576,-0.008658862818173099,-0.010416081571117928,-0.006467027317802642,-0.003533021263617376,-0.003104141035487201,-0.0025101347089181263
OTHER,3.688503586539411,0.43043365338372236,0.030217511032859,0.342178973388624,-1268.9692136435744,0.11365740680032306,0.044595210585329274,0.12209315676041793,0.45034104660272006,-0.005085310782305896,-0.005604588484857231,-0.008598473796155304,1.3865000952367714,1.0072126309384026,1.7137268738084943,true,0.007575757575757576,-0.013628311239958122,-0.012760127230028605,0.005728424324642222,0.009794367771976061,-0.002906767163445888,-0.0015040497694758226
OTHER,3.689227620833098,0.44101625002503797,0.030098815222772437,0.3371217742071804,-1326.5771895103994,0.11258759374419847,0.04591543442673154,0.12159026845806437,0.4485741768200025,-0.005102640890982002,-0.002728775594732724,-0.012537622329546139,1.6267304234293136,0.27551691750253743,1.6498974035801783,true,0.007575757575757576,-0.005660674047246418,-0.009387511959633138,0.005993064476255958,0.01124984830434729,-0.0037605594761955107,-0.00025880476774815
OTHER,3.6900929756460483,0.4394128088581506,0.029973936725128707,0.48057145920273947,-1576.6323504757186,0.10381131594379743,0.048224856787257735,0.11446582953062652,0.42238955350246293,-0.0048820049269124866,-0.0024282686645165086,-0.011882318605785258,2.0392347220339926,-0.07685369362733639,2.0406824206067,true,0.007575757575757576,0.0009528298811819487,-0.010440647152972073,-0.006444617528273804,-0.0013335532997949396,-0.006284673450618662,-0.0013830356888062992
OTHER,3.690509669309958,0.37518745076424637,0.029869404952065855,0.4429208042779853,-1553.5533967186338,0.10199509461720785,0.04755577411916521,0.11253688718836258,0.41531847032269603,-0.00503056967863813,-0.0007954363245517015,-0.01140303531428799,-0.8904933239738103,-0.3838554274341906,0.9697027117692363,true,0.007575757575757576,0.0038821375281356237,0.005641009844567346,-0.00353750139923355,-0.0006828199898450463,-0.005288660400174598,-0.005114715702109169
OTHER,3.6906820046982927,0.36800209752428636,0.02978489512752427,0.39062174656808163,-1714.7144378330931,0.09777684062719345,0.048459654053052276,0.1091267548952918,0.40275215052317476,-0.0051190785598009825,-0.0004651876224670559,-0.012041402573231608,0.7726087336189856,-0.149599403683079,0.7869588533377495,true,0.007575757575757576,0.005031186733528522,0.004550185440466252,-0.003491296124960295,0.0008527459554436053,-0.0054952004808578835,-0.0026463770017272157
OTHER,3.6906158244776175,0.3377251247243321,0.029736925386445675,0.4356683383174892,-1738.2885027176915,0.09648274514410232,0.053195532162984206,0.11017569946519462,0.40661617991913745,-0.0048663089401088655,-0.0018411478486086708,-0.00872400839580223,0.06906401902069972,1.0221777390189293,1.0245082571014945,true,0.007575757575757576,-0.003439479543550876,0.007193831988101249,0.005353761839206516,0.003789584359676329,-0.0064880606952465135,-0.008309833656560569
OTHER,3.690203827631365,0.3410042107476353,0.029764409965224267,0.617439240408239,-1973.353761061798,0.09280546440018546,0.05162936515278286,0.10620002621757435,0.3918997432426442,-0.004553702776320279,-0.0042653814307413995,-0.005391025973949581,1.3790581563188753,-0.5488752606233142,1.484272700764225,true,0.007575757575757576,-0.005952801184156769,0.003199102706918329,-0.003274682209835977,-0.008147899491166613,-0.009173317412735171,-0.012280784113198353
OTHER,3.6893360990819746,0.3430597775199786,0.029817816614775908,0.6721275837231498,-2086.510817759857,0.09277312490675182,0.05289972358279759,0.10679528763058868,0.3940037098673735,-0.0034960087505169213,-0.006155728333396837,-0.0041201532003469765,0.7699361103401661,-0.15147288949869292,0.784694622295086,true,0.007575757575757576,-0.005207791376792371,0.004615121334330848,-0.0044716429534635916,-0.011658977346008565,-0.009870934933401715,-0.014336843088662506
OTHER,3.688400658340483,0.36048675001989317,0.02987530430039452,0.8120099642928162,-2202.253528030996,0.09260923465092975,0.05396845075819228,0.10718705154947772,0.39534879150066893,-0.0034186648845206946,-0.006664754793746397,-0.0042832078179344535,0.9998717233729006,-0.3529598717939879,1.0603415177656315,true,0.007575757575757576,-0.007513984728364491,7.594127090616599e-5,-0.007032427472533645,-0.017480498890934257,-0.012023583218257253,-0.01786579924278574
OTHER,3.68738208402515,0.35987232059831803,0.029924623308979575,0.6878706999418548,-2130.123526959569,0.09230549948083032,0.04971983797020382,0.10484449209276035,0.386601701751561,-0.0029666100672329776,-0.007462930458132178,-0.0035464679822325706,-0.46572591072820885,-0.785359295706101,0.9130661790229679,true,0.007575757575757576,-0.0022326238354600327,-0.002717854373757197,-0.012312103805382711,-0.014908244178611776,-0.010192358621412304,-0.01282388190894728
OTHER,3.686289978293715,0.3515371946796342,0.02997021653353729,0.6349130480382251,-1947.408928532492,0.09312980175018311,0.04652348293198479,0.10410376764628208,0.3837566753771071,-0.0018293395114596933,-0.009485185677476693,-0.0038903553158888826,-1.4131597587666687,-0.5667773406454867,1.5225823648218966,true,0.007575757575757576,-0.006725450011069312,-0.008724855152096624,-0.011174614910913096,-0.010426121163951294,-0.009015726579055656,-0.011556377461036669
OTHER,3.6853779152112,0.31933760779445125,0.030002716782983288,0.47854643441332706,-1978.9792540533845,0.09128686123424107,0.04817245172129737,0.10321761544833474,0.38039592043405523,-0.0016786512569524348,-0.010868882636714261,-0.004512176587013528,-0.29269988770249444,0.03034095267129809,0.29426824101498755,true,0.007575757575757576,-0.01442929602423495,-0.007552933883550997,-0.0017761871876475815,-0.002131971285284061,-0.00760159186114849,-0.01057889129433438
OTHER,3.685007767695532,0.3024851785637504,0.02997582923230171,0.4352190229696177,-2095.4380693351827,0.08572562899854447,0.05085564355055491,0.09967537282667763,0.3673045231142552,-0.002069870344712399,-0.011674583132844418,-0.004979850898962468,0.0358916629541982,0.5251949140600018,0.5264198982030509,true,0.007575757575757576,-0.01844700245394612,-0.010928992488541454,-0.002258150932266281,-0.003025360852998956,-0.007672028289789139,-0.009982263069255537
OTHER,3.6847233665688903,0.31663367422057026,0.029961159947290525,0.33524870229975984,-2163.4253256313527,0.08248168031374613,0.050879617200957405,0.09691214079719308,0.3570944296996316,-0.0027922490990022197,-0.013675112772034481,-0.005827363682328723,0.2659971588805364,-0.7614511258605114,0.8065744265762198,true,0.007575757575757576,-0.013109251371099038,-0.015146238622013168,-0.007223546073185772,-0.002970557812991436,-0.007614344764041697,-0.005327368517952095
OTHER,3.6839039317978277,0.26826605796149405,0.029974555870865716,0.27873306843252393,-2662.2706585036644,0.07485092613432141,0.04684752689467536,0.08830261558590986,0.3252983527449655,-0.00390043985680677,-0.020132323930738494,-0.00693722490905202,1.2343287808641377,-0.2687144636241093,1.263239883090437,true,0.007575757575757576,-0.022204153727554844,-0.018091652901933042,-0.010222078865971691,-0.0036720369135913662,-0.005746394827145002,-0.0036120482004587777
OTHER,3.683118441087983,0.2590446561586866,0.02998679636458842,0.234474624232595,-2580.8802415111268,0.07658083240191142,0.046989541252454116,0.08984787631594714,0.3309203701518571,-0.004873483354458585,-0.023275402141734958,-0.0072766378143569455,-0.62246019854116,0.1289833015015424,0.635683404560901,true,0.007575757575757576,-0.020021994931200503,-0.014452002889643087,-0.006789976613544296,0.00042556429445551636,-0.005085974361636742,-0.004036189068363986
OTHER,3.681782195532053,0.2840532962584477,0.030015455621584322,0.2793074179227647,-3466.4876000118898,0.06528563234541152,0.04726733035511441,0.08060033690773112,0.29675288538076944,-0.005652523599565029,-0.03146188543178141,-0.006959666847251356,1.908434267483961,-0.16861272204389346,1.9158683679580113,true,0.007575757575757576,-0.020411387106242365,-0.027499023859692263,-0.021464826546258278,-0.011927870160895322,-0.006060823586173748,0.0008706891842588966
OTHER,3.6800951102791566,0.2809481099551564,0.030057935393983132,0.264317802164156,-3247.4653478137125,0.06681817538208432,0.04956000116136339,0.08319171999968097,0.30615344198653865,-0.005544535582885146,-0.04618003312498331,-0.007675142725929618,-0.23493023218115555,0.23896770751859328,0.33510860810994336,true,0.007575757575757576,-0.018096990045609516,-0.023586306907351428,-0.016957272469413885,-0.010645217107369981,-0.005928344952063175,-0.0009121741737919561
OTHER,3.6783166801860623,0.31298035144424935,0.030070589843412553,0.3069045588071426,-3571.9814008637723,0.06220656467808617,0.05003359566132227,0.07983118052396322,0.29364436292023866,-0.0037743565626442432,-0.0511659812182188,-0.006472410226706415,-0.19768210252925322,0.0205463468337705,0.19874698998626314,true,0.007575757575757576,-0.011713722201757796,-0.029450776068803104,-0.02480422025231881,-0.017868784728662115,-0.006571584982024338,0.0022904318677576295
OTHER,3.6768300828425726,0.2947106873460059,0.030094087609906416,0.33382454346853746,-3599.3337089647484,0.06223721835348342,0.049950174159473844,0.07980282731169956,0.29342143615554783,-0.002183644799515605,-0.049061137018725276,-0.005879936390556395,-0.14398973641589766,0.026066928287729628,0.14633020516447492,true,0.007575757575757576,-0.020946310384322982,-0.031258740421095006,-0.01586052777629477,-0.012688235995880485,-0.006865284159509598,-0.0012327276334097995
OTHER,3.6748152315737075,0.26568191007092234,0.030149568766728186,0.37260712963028647,-3475.178570591806,0.062195747097333255,0.05285651650693682,0.08162182486469854,0.2999451252416358,-0.00037445701309479773,-0.052915806183591485,-0.004175621725153178,0.08215374470514254,-0.07880238697327693,0.11383784064081602,true,0.007575757575757576,-0.03862350781174144,-0.03438867033523895,-0.001833681275075848,-0.008282408708008551,-0.007957866185710682,-0.008286137387200986
OTHER,3.6730608612391134,0.27243094921723054,0.030185991992138665,0.3776752862320095,-3165.0794931403084,0.0648283627298143,0.05199075573020511,0.08310087421697941,0.3052345686211416,0.004309797775931656,-0.052399033098481596,-0.0030354741611517966,-0.733355732356308,-0.20198997019262616,0.7606645635483981,true,0.007575757575757576,-0.04500927305053824,-0.04345823614216708,0.00644105363399297,0.0014139807095626448,-0.008465347334860986,-0.009792774550926905
OTHER,3.671190450720299,0.2766361578913743,0.030241882250220488,0.2954421985997796,-3013.082593213122,0.06510206593407526,0.042898155252138775,0.0779649325846004,0.28622411599563685,0.008572328020818532,-0.04615573538467288,-0.0019177066860720515,-0.6317093925327006,-1.4344391476900415,1.5673775630140194,true,0.007575757575757576,-0.04986366405669852,-0.056278679737156924,0.010837406858982622,0.01548190220463092,-0.005642688394700815,-0.0043819209023963235
OTHER,3.6689678279013314,0.28048135474745123,0.030291668029375114,0.32060997903806066,-3465.756157897043,0.06051476001739501,0.03907395468817817,0.07203339583093879,0.2642882118381963,0.013595441705547273,-0.04804414929822087,-0.00045452924678102136,1.2119227540590205,-1.1420680542754482,1.6652555967185667,true,0.007575757575757576,-0.05798769630919799,-0.06513328200645754,0.014127863532168435,0.01847722928224457,-0.00382677868354924,-0.0014514752593925838
OTHER,3.666765086182773,0.2801803857626907,0.030284072379080186,0.43157847144198874,-3870.140253150543,0.05762776633103688,0.039001688030031,0.06958513577982335,0.25515234639474393,0.016100549837574363,-0.046513516223058105,-0.00019342736413818784,0.7367305790247286,-0.6604233889483483,0.9894094191688966,true,0.007575757575757576,-0.058730848705753395,-0.06431805047282142,0.017534180257922822,0.01721550836243445,-0.004069219460499113,-0.003527966156657156
OTHER,3.665181698202469,0.2609503548855612,0.03022823634737852,0.6381427563619944,-4989.831681900452,0.051116443011495795,0.03751731945408716,0.06340693972403591,0.23239795501556354,0.024499797727912664,-0.0627120544668287,-0.004968238063156605,1.4858995376542392,-1.387069666333779,2.0326976399023007,true,0.007575757575757576,-0.0665064775395397,-0.06168792850692903,0.021842752548359202,0.014225728077395425,-0.005128916721297796,-0.008930507797604703
OTHER,3.6634755976333344,0.2210138931396177,0.03013796825017219,0.401740603885838,-5119.679928209021,0.050369960400793286,0.03242116951280171,0.059902129706341053,0.2194499904254473,0.03156591998413205,-0.06631920114159584,-0.005739423075283412,0.36746770565875736,-1.5317627764313075,1.5752237041013124,true,0.007575757575757576,-0.068638468917693,-0.05812433872110591,0.0387896060873456,0.03717891741658866,-0.0007834291424225051,-0.003749965469686562
OTHER,3.662382810268901,0.24534450631551236,0.030068685710183972,0.5383040070271436,-6258.23551733026,0.04581857323646546,0.03569979617993037,0.05808456852481492,0.2127279253071682,0.03293781178217614,-0.06251858442556113,-0.0044566483702510595,0.7648456182894481,-0.29310061880198696,0.8190828972446415,true,0.007575757575757576,-0.0572522186143388,-0.05006663549593889,0.03438963885220605,0.028598125775364254,-0.0023168038427544098,-0.0037875042124356183
OTHER,3.661831183421447,0.22064661613061526,0.03000755246831051,0.38368199422308125,-6883.116386714356,0.044030716021855675,0.024110145039028596,0.050199631942876764,0.1838225776447055,0.03145083878189325,-0.05702305072918534,-0.006206227233633399,0.5088206085748043,-2.8651365962230053,2.9099666882503628,true,0.007575757575757576,-0.060566403885665795,-0.051751710488703216,0.0427696249973348,0.04867085544958062,0.0021922455324306245,0.002685092049474117
OTHER,3.661322393361582,0.22974934728615296,0.029971860381271878,0.4178750700336162,-5961.212520424738,0.047121188706821866,0.024668314390712317,0.053187706850577235,0.19473734214356966,0.0359631166793406,-0.06314037833362818,-0.00846281104895752,-0.10301054672903272,0.5132009897580017,0.5234371295829202,true,0.007575757575757576,-0.05572326660985229,-0.05206940246807728,0.043511949408454535,0.04635308079948971,0.0034358357298417304,0.004247518696000173
OTHER,3.660848136512509,0.22487392654426036,0.029948267675602432,0.3565155578152803,-5310.02102087626,0.0494949330886205,0.016863878650797737,0.0522889931495707,0.19142206313172125,0.031028168741613626,-0.03710689349099994,-0.0037936041480861604,-0.5918333613718803,-2.0279521674438237,2.1125474482417763,true,0.007575757575757576,-0.06245449430427436,-0.05990582112753715,0.04640309961961647,0.05119160710208926,0.005352942135278774,0.006450568430317929
OTHER,3.660865172670681,0.21825459725525623,0.029938036932656776,0.34399947457206315,-5535.672262795304,0.04907871120505863,0.01824047913153966,0.05235871438927508,0.19167819399350838,0.028448197059333324,-0.02183034480549395,-0.0020402270602062345,0.10613358472198846,0.4034000873911408,0.41712823964953455,true,0.007575757575757576,-0.058905461283858075,-0.05376253408906441,0.047732586339187026,0.05149552068326592,0.0063901950046573435,0.007802770274728647
OTHER,3.66043901000496,0.21984671163786326,0.02990144638397569,0.34348856192882216,-4959.765331376702,0.05313093430466121,0.017210091319349075,0.05584875489486368,0.20443096107736447,0.029542370233684778,-0.020753568969666958,-0.001824183389544487,-0.4443463130077433,-0.7551334549551955,0.8761678952553247,true,0.007575757575757576,-0.06091096033206019,-0.05659617968606485,0.05233048428152591,0.05491303190891374,0.005053757613943045,0.005535684055667337
OTHER,3.6598988900620713,0.23464633149052086,0.029873310382158895,0.581031479486936,-6286.9582459374515,0.04494757420486873,0.013376246061589983,0.04689571820115758,0.1716335869930803,0.04004979622550309,-0.018551331013441086,0.0012460160651244223,1.3926464736182882,-1.108449280711313,1.7799224725787584,true,0.007575757575757576,-0.06108899030644761,-0.05557093331687244,0.04589672732494848,0.0444739270234796,0.005827147050133741,0.005977030729321092
OTHER,3.659594679568657,0.22187977811229645,0.029848507459283396,0.379499426232225,-5295.74758070631,0.050945588946342456,0.010101109287805027,0.051937322244546565,0.19006954815718546,0.04490191861987114,-0.012525456259027123,0.003795211436226964,-1.372511413803906,-1.5462810341775268,2.0675523252578443,true,0.007575757575757576,-0.0592903168492581,-0.056237029196310066,0.04744443728470564,0.049565881429269154,0.0076280632175546375,0.009046432106547929
OTHER,3.6593617591065017,0.23011573440042857,0.02982388822470364,0.534405037353602,-7682.496358177672,0.03990101450019412,0.014973159631093344,0.042617912519067665,0.15595435932522245,0.0595300542190671,-0.01781125078559853,0.014292694628238678,1.4510329513292428,0.7429709225957791,1.6301847802215785,true,0.007575757575757576,-0.05446800315508013,-0.047517027828079754,0.04916649479566593,0.052092443515388005,0.007315275875265612,0.009487208157931474
OTHER,3.6592224819764483,0.23643522493015345,0.02980759026752799,0.5910100291477272,-9167.170576722147,0.039486501117547354,0.019883790612220766,0.04421028047430492,0.16177525224606096,0.0592417623847723,-0.033292911015450954,0.014026663644472137,0.538656978115615,0.8378845761836111,0.9960933204670311,true,0.007575757575757576,-0.03896237859708851,-0.03075836874104521,0.04675765084169119,0.05149864313759967,0.0038918798398848656,0.00589433757355536
OTHER,3.6590750508390335,0.23455404680640476,0.029804691181988495,0.6897146032482586,-10404.451418454491,0.03294585479630364,0.020650699651903578,0.038882910698303616,0.1422754884401649,0.07201939634978771,-0.03655704203993082,0.012751464149914682,1.3817061744786152,-0.2895414168002918,1.4117174592088353,true,0.007575757575757576,-0.0377244443880081,-0.024136979307856587,0.043532187686719015,0.045338700804689096,0.0034934204822046357,0.004634491858093038
OTHER,3.659020008477481,0.22773800805961075,0.029799198213190103,0.5830059841588062,-7374.396705939345,0.04273638857735529,0.022450248152017595,0.04827434671460478,0.17663680052491804,0.07368440087884665,-0.03876204788684845,0.008138573030009866,-2.175632986145201,0.2372754405935985,2.1885334187788796,true,0.007575757575757576,-0.05091837356212719,-0.0457256884848658,0.0519004273345638,0.054138294840419876,0.0027530206420896186,0.0015862173113265193
OTHER,3.658957908950683,0.2330380967924216,0.029798341524714778,0.6410127621294547,-8456.462963804572,0.036820240815480555,0.01610164153907034,0.040186975426905365,0.14704245157508214,0.079341571778059,-0.033701243344694376,0.014092481113038957,0.8598925283405078,-0.2887433601491914,0.9070765614467594,true,0.007575757575757576,-0.0462060386094466,-0.037776609508468346,0.04666365710744616,0.04727121598549361,0.006094651490272443,0.00710120027517428
OTHER,3.659018260632741,0.22602892914216113,0.02979705826316336,0.6249253140975871,-6338.808168018554,0.04742403825124105,0.021349899801943035,0.05200824574630624,0.1902991208892096,0.0707764271646738,-0.03236779884900898,-0.00030880254053045064,-1.635108686912543,1.138518532386901,1.9924369165936682,true,0.007575757575757576,-0.058619849523241244,-0.0529007404863035,0.05609368366618906,0.05493665131236547,0.0022994490896630594,-0.0007132054991991037
OTHER,3.6590021897154377,0.23030667127678106,0.029798053575014073,0.39680389044593817,-4947.232134732184,0.048131542073355786,0.03009197281466591,0.0567641803449835,0.20770026017969662,0.08398157730698586,-0.04804215021431446,-0.008461854886263609,-1.3924305593536894,1.8657816887834155,2.32809024155455,true,0.007575757575757576,-0.06957143607872107,-0.06937531244246604,0.0659038848550977,0.06537839895823352,0.0016674228120975504,0.0012051382214054618
OTHER,3.658931188295152,0.2317650553187241,0.029795267405055916,0.1994900460712866,-3455.366060080658,0.05582280821270413,0.0052062161887685456,0.05606505688712483,0.20513818521784294,0.08598262816667557,-0.05623635649681091,0.0001991430763155222,-3.1570740284737675,-6.254825788569537,7.006422915198462,true,0.007575757575757576,-0.07711151595273127,-0.08298958841138078,0.05298937214038431,0.05767920128013751,0.007460955229348061,0.01075223426354791
OTHER,3.6589437045979234,0.2350241029749635,0.02979637367142086,0.23222482347626716,-3199.0685287121632,0.06026441554228465,0.008041392096007864,0.06079855070225685,0.22245847434070035,0.09185919538140297,-0.09184555895626545,0.00510879821376875,-0.32451851030048884,0.2144693521416966,0.3889850466736833,true,0.007575757575757576,-0.0628676225079922,-0.0664433787952257,0.05434408672695023,0.05276177118121375,0.008862381953900352,0.013084824300332564
OTHER,3.658972978160424,0.23769976112326846,0.029796489796808462,0.23956180447706643,-3204.0199890097947,0.059648361139827306,0.013080802063147228,0.06106581997551901,0.22343818517963313,0.09234331175684929,-0.1002245731651783,0.01495594996958971,-1.0426091577578864,3.4616857871965103,3.6152873115589212,true,0.007575757575757576,-0.07675093065431628,-0.08460532250137816,0.06326937022700531,0.06852940082136029,0.00789247490706704,0.011559076534345519
OTHER,3.658841914746423,0.23546935176972417,0.029790445906561155,0.17184783480503024,-2601.91671974657,0.06577883495224847,0.02950095054176119,0.07209133935877864,0.26377081413610776,0.10500136390328407,-0.13835981208831072,0.0062347338534891605,-2.174599296627953,2.5681962656486976,3.36519154875123,true,0.007575757575757576,-0.07927222487060935,-0.08696323241951422,0.08244711805002378,0.08879071736724438,-0.000815834317567798,-0.0004950735270430388
OTHER,3.6587271986917225,0.2403882079011369,0.029786278650300757,0.15833025311223387,-2036.868475153213,0.07563059594896106,0.022590871320830454,0.07893246803837647,0.28879236767187305,0.10494276881217957,-0.11556026432663202,0.002231077291071415,-2.992289988762708,-1.4121889244807486,3.3087878347327773,true,0.007575757575757576,-0.07191725447495716,-0.08014375106297919,0.07977091325676755,0.0858392923293534,-0.003077431824481399,-0.0033847922024145788
OTHER,3.658649717189548,0.24345972542498123,0.029781294272850572,0.13842374564008728,-1680.429975170647,0.08183104660775926,0.010033618410428364,0.08244388204910875,0.3016332857429802,0.10019610729068518,-0.1167320073582232,-0.0033703367225825787,-1.1669105392086077,-5.1025804539003055,5.23431060360785,true,0.007575757575757576,-0.07749413793258994,-0.08089105976958477,0.07186492310697314,0.0720645120752712,-0.0020962529240594625,-0.0014973233285721424
OTHER,3.6585689670207513,0.22963012223519993,0.029779403233314544,0.17907575275693055,-2538.9587859984395,0.0736422512266371,0.017735973083310656,0.07574791024799994,0.27712895375000574,0.09095095284283161,-0.08386703860014677,2.3000407963991165e-5,3.8501360895745513,5.209082085609602,6.47750600793726,true,0.007575757575757576,-0.10580361217078663,-0.10268282339049595,0.09355524639112892,0.09681772521967398,0.0013457873509202859,0.0017599531638043803
OTHER,3.658462924885173,0.23436863626271442,0.02977425177665402,0.13346101450110476,-1657.0215453305293,0.08272560834884644,0.042195544309086265,0.09286544156050083,0.33974477495218297,0.0941730048507452,-0.08911628043279052,-0.04369892389513552,-4.43782446069544,6.649730666210718,7.994573401820137,true,0.007575757575757576,-0.09747249348971944,-0.10610877743206054,0.10420023437542078,0.11540071970620418,-0.010616588198920935,-0.014843658717765886
OTHER,3.658518888448658,0.24599311699592452,0.02978253345051663,0.22055732978708367,-2565.0160384268997,0.06750278671582541,0.04528177910380895,0.08128385899554945,0.297378533461215,0.08109481353312731,-0.0462675385424518,-0.033656045561656356,3.9867180845728982,0.8496822250958878,4.076258206922679,true,0.007575757575757576,-0.10036715005343766,-0.09674042461010439,0.10375300746340063,0.0968426465841505,-0.01054408795661227,-0.013268362460246772
OTHER,3.6585523566518687,0.23828939375550703,0.02978838196118328,0.14054066009301364,-2007.8453421124098,0.07687847216924032,0.042253558999962276,0.08772492651031377,0.32094623662142047,0.0760107422247529,-0.054657049011439085,-0.03565292636631057,-2.8611307705295506,-3.425620782374371,4.463288813275051,true,0.007575757575757576,-0.08178173479631622,-0.08538660990594764,0.09862112603019353,0.1015709899341611,-0.013244983973470424,-0.017706107510782127
OTHER,3.6585615640847693,0.23739332986637102,0.02979263347594224,0.15797344937483696,-1764.025917669326,0.08114972379472521,0.015074447707997428,0.08253797093254316,0.3019702480313483,0.07102784141898155,-0.022115299478173256,-0.032742260860686656,-0.7062110632807886,-6.091702292885408,6.1325011937255685,true,0.007575757575757576,-0.08586497843030871,-0.08653044510278365,0.08271653756396273,0.08422037195728396,-0.004935058096310271,-0.006714102499593616
OTHER,3.658628401765725,0.2444848205773363,0.02978970609878574,0.16414953714835948,-2072.1001674759927,0.07573730614450243,0.03209527664714389,0.08225719619025916,0.30094851423129754,0.09335803613066673,-0.03258085949346423,-0.04685602540848777,1.1527968801171247,3.6022719864238955,3.782235332575451,true,0.007575757575757576,-0.09000477868523395,-0.09452503020074932,0.09689970126086667,0.1010479195497642,-0.005264797014107071,-0.005928153832860572
